Разработка моб. приложения;61;401;2021-01-10;2021-01-26
Запук коллцентра;61;401;2021-02-02;2021-02-12
Аудит информационной безопасности;61;401;2021-03-06;2021-03-25
Обслуживание 1С;61;401;2021-04-08;2021-04-22
Ребрендинг;61;401;2021-05-02;2021-05-16
Опрос покупателей;61;401;2021-06-09;2021-06-25
Ребрендинг;61;401;2021-07-02;2021-07-08
Разработка сайта;61;401;2021-08-04;2021-08-12
Опрос покупателей;61;401;2021-09-04;2021-09-16
Модернизация wifi-сети;61;401;2021-10-02;2021-10-08
Ребрендинг;61;401;2021-11-04;2021-11-11
Запук коллцентра;61;401;2021-12-07;2021-12-17
Опрос покупателей;61;402;2021-01-07;2021-01-12
Обслуживание 1С;61;402;2021-02-01;2021-02-20
Проведение исследований;61;402;2021-03-04;2021-03-17
Проведение исследований;61;402;2021-04-09;2021-04-20
Ребрендинг;61;402;2021-05-09;2021-05-16
Ребрендинг;61;402;2021-06-03;2021-06-15
Разработка сайта;61;402;2021-07-09;2021-07-28
Запук коллцентра;61;402;2021-08-05;2021-08-21
Разработка сайта;61;402;2021-09-04;2021-09-09
Разработка CRM;61;402;2021-10-09;2021-10-17
Запук коллцентра;61;402;2021-11-06;2021-11-21
Модернизация wifi-сети;61;402;2021-12-01;2021-12-07
Запук коллцентра;61;403;2021-01-10;2021-01-18
Дизайн сайта;61;403;2021-02-10;2021-02-23
Дизайн сайта;61;403;2021-03-07;2021-03-18
Разработка моб. приложения;61;403;2021-04-03;2021-04-17
Модернизация wifi-сети;61;403;2021-05-03;2021-05-17
Опрос покупателей;61;403;2021-06-08;2021-06-19
Модернизация wifi-сети;61;403;2021-07-04;2021-07-12
Аудит информационной безопасности;61;403;2021-08-01;2021-08-20
Проведение исследований;61;403;2021-09-09;2021-09-21
Запук коллцентра;61;403;2021-10-01;2021-10-19
Дизайн сайта;61;403;2021-11-04;2021-11-13
Проведение исследований;61;403;2021-12-08;2021-12-28
Разработка CRM;61;404;2021-01-08;2021-01-23
Модернизация wifi-сети;61;404;2021-02-09;2021-02-14
Модернизация wifi-сети;61;404;2021-03-03;2021-03-21
Ребрендинг;61;404;2021-04-05;2021-04-25
Модернизация wifi-сети;61;404;2021-05-01;2021-05-08
Разработка CRM;61;404;2021-06-06;2021-06-18
Аудит информационной безопасности;61;404;2021-07-03;2021-07-20
Разработка CRM;61;404;2021-08-02;2021-08-09
Запук коллцентра;61;404;2021-09-01;2021-09-19
Разработка CRM;61;404;2021-10-05;2021-10-19
Дизайн буклетов;61;404;2021-11-08;2021-11-20
Ребрендинг;61;404;2021-12-07;2021-12-15
Разработка моб. приложения;61;405;2021-01-04;2021-01-20
Аудит информационной безопасности;61;405;2021-02-03;2021-02-21
Ребрендинг;61;405;2021-03-01;2021-03-14
Модернизация wifi-сети;61;405;2021-04-06;2021-04-15
Опрос покупателей;61;405;2021-05-03;2021-05-18
Дизайн сайта;61;405;2021-06-04;2021-06-11
Разработка моб. приложения;61;405;2021-07-05;2021-07-14
Аудит информационной безопасности;61;405;2021-08-10;2021-08-15
Ребрендинг;61;405;2021-09-04;2021-09-15
Разработка CRM;61;405;2021-10-08;2021-10-14
Разработка моб. приложения;61;405;2021-11-03;2021-11-20
Дизайн буклетов;61;405;2021-12-07;2021-12-18
Опрос покупателей;61;406;2021-01-03;2021-01-19
Запук коллцентра;61;406;2021-02-08;2021-02-17
Проведение исследований;61;406;2021-03-08;2021-03-18
Дизайн буклетов;61;406;2021-04-07;2021-04-23
Ребрендинг;61;406;2021-05-01;2021-05-14
Разработка CRM;61;406;2021-06-06;2021-06-15
Обслуживание 1С;61;406;2021-07-08;2021-07-17
Ребрендинг;61;406;2021-08-03;2021-08-15
Разработка сайта;61;406;2021-09-08;2021-09-21
Аудит информационной безопасности;61;406;2021-10-04;2021-10-14
Проведение исследований;61;406;2021-11-07;2021-11-12
Запук коллцентра;61;406;2021-12-02;2021-12-16
Разработка CRM;61;407;2021-01-01;2021-01-11
Дизайн буклетов;61;407;2021-02-06;2021-02-14
Модернизация wifi-сети;61;407;2021-03-03;2021-03-19
Разработка CRM;61;407;2021-04-10;2021-04-24
Ребрендинг;61;407;2021-05-07;2021-05-20
Разработка сайта;61;407;2021-06-03;2021-06-14
Запук коллцентра;61;407;2021-07-06;2021-07-12
Модернизация wifi-сети;61;407;2021-08-03;2021-08-13
Ребрендинг;61;407;2021-09-04;2021-09-15
Дизайн буклетов;61;407;2021-10-10;2021-10-19
Модернизация wifi-сети;61;407;2021-11-09;2021-11-20
Ребрендинг;61;407;2021-12-05;2021-12-12
Дизайн сайта;61;408;2021-01-06;2021-01-25
Дизайн буклетов;61;408;2021-02-09;2021-03-01
Обучение сотрудников;61;408;2021-03-09;2021-03-20
Разработка моб. приложения;61;408;2021-04-09;2021-04-28
Разработка CRM;61;408;2021-05-10;2021-05-17
Разработка сайта;61;408;2021-06-02;2021-06-09
Аудит информационной безопасности;61;408;2021-07-09;2021-07-21
Ребрендинг;61;408;2021-08-10;2021-08-30
Проведение исследований;61;408;2021-09-07;2021-09-27
Разработка моб. приложения;61;408;2021-10-09;2021-10-15
Разработка сайта;61;408;2021-11-03;2021-11-22
Обучение сотрудников;61;408;2021-12-09;2021-12-24
Запук коллцентра;61;409;2021-01-04;2021-01-21
Модернизация wifi-сети;61;409;2021-02-05;2021-02-19
Разработка сайта;61;409;2021-03-01;2021-03-07
Дизайн сайта;61;409;2021-04-08;2021-04-13
Запук коллцентра;61;409;2021-05-05;2021-05-20
Проведение исследований;61;409;2021-06-10;2021-06-27
Аудит информационной безопасности;61;409;2021-07-03;2021-07-20
Дизайн буклетов;61;409;2021-08-01;2021-08-09
Обучение сотрудников;61;409;2021-09-08;2021-09-13
Дизайн буклетов;61;409;2021-10-06;2021-10-24
Обслуживание 1С;61;409;2021-11-06;2021-11-26
Аудит информационной безопасности;61;409;2021-12-07;2021-12-14
Разработка сайта;61;410;2021-01-10;2021-01-30
Опрос покупателей;61;410;2021-02-06;2021-02-26
Разработка сайта;61;410;2021-03-02;2021-03-08
Аудит информационной безопасности;61;410;2021-04-01;2021-04-13
Модернизация wifi-сети;61;410;2021-05-03;2021-05-14
Дизайн буклетов;61;410;2021-06-09;2021-06-23
Дизайн буклетов;61;410;2021-07-05;2021-07-17
Обслуживание 1С;61;410;2021-08-06;2021-08-24
Разработка CRM;61;410;2021-09-01;2021-09-10
Разработка сайта;61;410;2021-10-02;2021-10-21
Разработка моб. приложения;61;410;2021-11-08;2021-11-16
Обслуживание 1С;61;410;2021-12-01;2021-12-18
Разработка CRM;62;411;2021-01-01;2021-01-17
Запук коллцентра;62;411;2021-02-05;2021-02-19
Дизайн сайта;62;411;2021-03-01;2021-03-20
Разработка CRM;62;411;2021-04-01;2021-04-19
Ребрендинг;62;411;2021-05-07;2021-05-13
Обслуживание 1С;62;411;2021-06-10;2021-06-18
Дизайн сайта;62;411;2021-07-04;2021-07-09
Разработка сайта;62;411;2021-08-05;2021-08-21
Обслуживание 1С;62;411;2021-09-04;2021-09-19
Проведение исследований;62;411;2021-10-10;2021-10-17
Проведение исследований;62;411;2021-11-01;2021-11-06
Дизайн сайта;62;411;2021-12-01;2021-12-16
Разработка CRM;62;412;2021-01-01;2021-01-20
Дизайн буклетов;62;412;2021-02-01;2021-02-16
Запук коллцентра;62;412;2021-03-09;2021-03-27
Аудит информационной безопасности;62;412;2021-04-06;2021-04-25
Обучение сотрудников;62;412;2021-05-04;2021-05-22
Проведение исследований;62;412;2021-06-06;2021-06-14
Разработка моб. приложения;62;412;2021-07-07;2021-07-26
Аудит информационной безопасности;62;412;2021-08-01;2021-08-10
Обучение сотрудников;62;412;2021-09-06;2021-09-13
Опрос покупателей;62;412;2021-10-05;2021-10-11
Проведение исследований;62;412;2021-11-05;2021-11-16
Обучение сотрудников;62;412;2021-12-09;2021-12-21
Запук коллцентра;62;413;2021-01-08;2021-01-26
Разработка CRM;62;413;2021-02-10;2021-02-23
Разработка моб. приложения;62;413;2021-03-09;2021-03-14
Обслуживание 1С;62;413;2021-04-07;2021-04-18
Ребрендинг;62;413;2021-05-02;2021-05-12
Ребрендинг;62;413;2021-06-05;2021-06-23
Дизайн сайта;62;413;2021-07-09;2021-07-18
Опрос покупателей;62;413;2021-08-01;2021-08-14
Ребрендинг;62;413;2021-09-09;2021-09-24
Разработка сайта;62;413;2021-10-08;2021-10-25
Обучение сотрудников;62;413;2021-11-03;2021-11-23
Модернизация wifi-сети;62;413;2021-12-10;2021-12-15
Дизайн сайта;62;414;2021-01-07;2021-01-14
Опрос покупателей;62;414;2021-02-07;2021-02-24
Аудит информационной безопасности;62;414;2021-03-08;2021-03-26
Ребрендинг;62;414;2021-04-02;2021-04-11
Опрос покупателей;62;414;2021-05-08;2021-05-26
Аудит информационной безопасности;62;414;2021-06-01;2021-06-10
Дизайн сайта;62;414;2021-07-09;2021-07-18
Разработка сайта;62;414;2021-08-08;2021-08-21
Обслуживание 1С;62;414;2021-09-05;2021-09-15
Опрос покупателей;62;414;2021-10-02;2021-10-07
Разработка моб. приложения;62;414;2021-11-05;2021-11-20
Дизайн буклетов;62;414;2021-12-09;2021-12-22
Дизайн буклетов;62;415;2021-01-02;2021-01-16
Обучение сотрудников;62;415;2021-02-02;2021-02-17
Разработка CRM;62;415;2021-03-03;2021-03-22
Проведение исследований;62;415;2021-04-05;2021-04-25
Модернизация wifi-сети;62;415;2021-05-04;2021-05-16
Дизайн буклетов;62;415;2021-06-02;2021-06-18
Запук коллцентра;62;415;2021-07-05;2021-07-13
Проведение исследований;62;415;2021-08-07;2021-08-22
Модернизация wifi-сети;62;415;2021-09-09;2021-09-17
Модернизация wifi-сети;62;415;2021-10-10;2021-10-30
Обслуживание 1С;62;415;2021-11-08;2021-11-22
Дизайн сайта;62;415;2021-12-03;2021-12-22
Запук коллцентра;62;416;2021-01-02;2021-01-14
Разработка CRM;62;416;2021-02-04;2021-02-20
Ребрендинг;62;416;2021-03-01;2021-03-07
Дизайн буклетов;62;416;2021-04-08;2021-04-16
Запук коллцентра;62;416;2021-05-08;2021-05-17
Ребрендинг;62;416;2021-06-03;2021-06-18
Разработка сайта;62;416;2021-07-03;2021-07-20
Дизайн буклетов;62;416;2021-08-09;2021-08-29
Проведение исследований;62;416;2021-09-04;2021-09-16
Опрос покупателей;62;416;2021-10-04;2021-10-17
Запук коллцентра;62;416;2021-11-03;2021-11-08
Дизайн буклетов;62;416;2021-12-08;2021-12-20
Дизайн буклетов;62;417;2021-01-10;2021-01-18
Модернизация wifi-сети;62;417;2021-02-04;2021-02-17
Ребрендинг;62;417;2021-03-03;2021-03-18
Разработка моб. приложения;62;417;2021-04-01;2021-04-10
Разработка сайта;62;417;2021-05-03;2021-05-11
Запук коллцентра;62;417;2021-06-06;2021-06-25
Разработка сайта;62;417;2021-07-02;2021-07-07
Ребрендинг;62;417;2021-08-02;2021-08-20
Ребрендинг;62;417;2021-09-08;2021-09-17
Дизайн буклетов;62;417;2021-10-07;2021-10-13
Обучение сотрудников;62;417;2021-11-08;2021-11-16
Разработка моб. приложения;62;417;2021-12-02;2021-12-20
Разработка CRM;62;418;2021-01-08;2021-01-17
Обслуживание 1С;62;418;2021-02-01;2021-02-06
Разработка моб. приложения;62;418;2021-03-04;2021-03-17
Опрос покупателей;62;418;2021-04-02;2021-04-13
Разработка моб. приложения;62;418;2021-05-01;2021-05-19
Ребрендинг;62;418;2021-06-03;2021-06-14
Модернизация wifi-сети;62;418;2021-07-08;2021-07-15
Разработка CRM;62;418;2021-08-08;2021-08-28
Разработка моб. приложения;62;418;2021-09-09;2021-09-26
Аудит информационной безопасности;62;418;2021-10-06;2021-10-16
Ребрендинг;62;418;2021-11-01;2021-11-21
Ребрендинг;62;418;2021-12-06;2021-12-15
Запук коллцентра;62;419;2021-01-05;2021-01-21
Ребрендинг;62;419;2021-02-06;2021-02-26
Дизайн сайта;62;419;2021-03-04;2021-03-11
Модернизация wifi-сети;62;419;2021-04-05;2021-04-18
Запук коллцентра;62;419;2021-05-02;2021-05-08
Дизайн сайта;62;419;2021-06-03;2021-06-21
Разработка моб. приложения;62;419;2021-07-02;2021-07-09
Дизайн сайта;62;419;2021-08-10;2021-08-20
Проведение исследований;62;419;2021-09-04;2021-09-15
Обслуживание 1С;62;419;2021-10-04;2021-10-24
Дизайн буклетов;62;419;2021-11-06;2021-11-17
Запук коллцентра;62;419;2021-12-09;2021-12-16
Проведение исследований;62;420;2021-01-06;2021-01-13
Разработка CRM;62;420;2021-02-06;2021-02-16
Аудит информационной безопасности;62;420;2021-03-03;2021-03-18
Проведение исследований;62;420;2021-04-01;2021-04-19
Разработка CRM;62;420;2021-05-09;2021-05-16
Разработка моб. приложения;62;420;2021-06-07;2021-06-27
Ребрендинг;62;420;2021-07-03;2021-07-19
Модернизация wifi-сети;62;420;2021-08-05;2021-08-23
Дизайн сайта;62;420;2021-09-08;2021-09-18
Обслуживание 1С;62;420;2021-10-02;2021-10-08
Ребрендинг;62;420;2021-11-07;2021-11-20
Проведение исследований;62;420;2021-12-02;2021-12-20
Проведение исследований;63;421;2021-01-03;2021-01-13
Обучение сотрудников;63;421;2021-02-09;2021-02-25
Обучение сотрудников;63;421;2021-03-10;2021-03-30
Разработка сайта;63;421;2021-04-08;2021-04-17
Обслуживание 1С;63;421;2021-05-03;2021-05-14
Проведение исследований;63;421;2021-06-01;2021-06-12
Ребрендинг;63;421;2021-07-05;2021-07-13
Запук коллцентра;63;421;2021-08-06;2021-08-11
Запук коллцентра;63;421;2021-09-07;2021-09-20
Дизайн буклетов;63;421;2021-10-05;2021-10-12
Модернизация wifi-сети;63;421;2021-11-04;2021-11-09
Дизайн буклетов;63;421;2021-12-06;2021-12-26
Дизайн сайта;63;422;2021-01-02;2021-01-10
Аудит информационной безопасности;63;422;2021-02-05;2021-02-24
Проведение исследований;63;422;2021-03-04;2021-03-21
Дизайн буклетов;63;422;2021-04-04;2021-04-20
Дизайн буклетов;63;422;2021-05-03;2021-05-18
Разработка сайта;63;422;2021-06-02;2021-06-18
Запук коллцентра;63;422;2021-07-02;2021-07-11
Опрос покупателей;63;422;2021-08-02;2021-08-14
Разработка CRM;63;422;2021-09-05;2021-09-23
Запук коллцентра;63;422;2021-10-06;2021-10-15
Проведение исследований;63;422;2021-11-09;2021-11-17
Разработка моб. приложения;63;422;2021-12-10;2021-12-24
Ребрендинг;63;423;2021-01-01;2021-01-07
Разработка сайта;63;423;2021-02-09;2021-03-01
Обучение сотрудников;63;423;2021-03-06;2021-03-18
Обучение сотрудников;63;423;2021-04-07;2021-04-26
Дизайн буклетов;63;423;2021-05-06;2021-05-23
Проведение исследований;63;423;2021-06-06;2021-06-20
Аудит информационной безопасности;63;423;2021-07-01;2021-07-21
Разработка CRM;63;423;2021-08-06;2021-08-26
Обучение сотрудников;63;423;2021-09-05;2021-09-16
Проведение исследований;63;423;2021-10-09;2021-10-27
Разработка сайта;63;423;2021-11-06;2021-11-21
Опрос покупателей;63;423;2021-12-07;2021-12-13
Дизайн сайта;63;424;2021-01-10;2021-01-19
Опрос покупателей;63;424;2021-02-03;2021-02-23
Проведение исследований;63;424;2021-03-08;2021-03-25
Запук коллцентра;63;424;2021-04-06;2021-04-11
Ребрендинг;63;424;2021-05-07;2021-05-22
Дизайн сайта;63;424;2021-06-03;2021-06-23
Разработка CRM;63;424;2021-07-03;2021-07-10
Модернизация wifi-сети;63;424;2021-08-05;2021-08-11
Разработка сайта;63;424;2021-09-06;2021-09-18
Дизайн сайта;63;424;2021-10-04;2021-10-11
Аудит информационной безопасности;63;424;2021-11-08;2021-11-20
Разработка CRM;63;424;2021-12-01;2021-12-10
Обслуживание 1С;63;425;2021-01-07;2021-01-22
Опрос покупателей;63;425;2021-02-10;2021-02-24
Обслуживание 1С;63;425;2021-03-04;2021-03-13
Обучение сотрудников;63;425;2021-04-08;2021-04-19
Обслуживание 1С;63;425;2021-05-04;2021-05-15
Дизайн буклетов;63;425;2021-06-01;2021-06-15
Ребрендинг;63;425;2021-07-04;2021-07-12
Разработка моб. приложения;63;425;2021-08-03;2021-08-14
Проведение исследований;63;425;2021-09-02;2021-09-10
Разработка CRM;63;425;2021-10-09;2021-10-27
Разработка сайта;63;425;2021-11-03;2021-11-21
Обучение сотрудников;63;425;2021-12-07;2021-12-27
Обучение сотрудников;63;426;2021-01-09;2021-01-25
Обслуживание 1С;63;426;2021-02-03;2021-02-13
Дизайн сайта;63;426;2021-03-09;2021-03-16
Ребрендинг;63;426;2021-04-10;2021-04-17
Дизайн буклетов;63;426;2021-05-03;2021-05-16
Разработка моб. приложения;63;426;2021-06-02;2021-06-11
Аудит информационной безопасности;63;426;2021-07-10;2021-07-23
Дизайн буклетов;63;426;2021-08-08;2021-08-26
Аудит информационной безопасности;63;426;2021-09-03;2021-09-15
Модернизация wifi-сети;63;426;2021-10-01;2021-10-12
Разработка моб. приложения;63;426;2021-11-01;2021-11-16
Разработка сайта;63;426;2021-12-09;2021-12-23
Модернизация wifi-сети;63;427;2021-01-10;2021-01-23
Разработка сайта;63;427;2021-02-01;2021-02-16
Обслуживание 1С;63;427;2021-03-04;2021-03-11
Дизайн буклетов;63;427;2021-04-01;2021-04-18
Аудит информационной безопасности;63;427;2021-05-04;2021-05-12
Обслуживание 1С;63;427;2021-06-06;2021-06-12
Аудит информационной безопасности;63;427;2021-07-10;2021-07-16
Модернизация wifi-сети;63;427;2021-08-08;2021-08-24
Опрос покупателей;63;427;2021-09-06;2021-09-14
Разработка сайта;63;427;2021-10-07;2021-10-12
Разработка сайта;63;427;2021-11-08;2021-11-18
Опрос покупателей;63;427;2021-12-10;2021-12-21
Аудит информационной безопасности;63;428;2021-01-03;2021-01-09
Дизайн сайта;63;428;2021-02-06;2021-02-18
Проведение исследований;63;428;2021-03-07;2021-03-24
Дизайн сайта;63;428;2021-04-01;2021-04-08
Опрос покупателей;63;428;2021-05-03;2021-05-09
Проведение исследований;63;428;2021-06-10;2021-06-19
Разработка CRM;63;428;2021-07-06;2021-07-14
Обучение сотрудников;63;428;2021-08-05;2021-08-14
Запук коллцентра;63;428;2021-09-08;2021-09-27
Модернизация wifi-сети;63;428;2021-10-07;2021-10-24
Разработка моб. приложения;63;428;2021-11-02;2021-11-19
Разработка сайта;63;428;2021-12-09;2021-12-29
Разработка сайта;63;429;2021-01-06;2021-01-14
Разработка CRM;63;429;2021-02-01;2021-02-09
Модернизация wifi-сети;63;429;2021-03-07;2021-03-16
Модернизация wifi-сети;63;429;2021-04-06;2021-04-20
Ребрендинг;63;429;2021-05-01;2021-05-17
Опрос покупателей;63;429;2021-06-09;2021-06-28
Разработка моб. приложения;63;429;2021-07-02;2021-07-10
Разработка моб. приложения;63;429;2021-08-01;2021-08-17
Ребрендинг;63;429;2021-09-08;2021-09-22
Проведение исследований;63;429;2021-10-05;2021-10-22
Аудит информационной безопасности;63;429;2021-11-05;2021-11-23
Модернизация wifi-сети;63;429;2021-12-09;2021-12-14
Разработка CRM;63;430;2021-01-06;2021-01-18
Обучение сотрудников;63;430;2021-02-07;2021-02-27
Обучение сотрудников;63;430;2021-03-03;2021-03-15
Аудит информационной безопасности;63;430;2021-04-04;2021-04-21
Дизайн буклетов;63;430;2021-05-08;2021-05-24
Опрос покупателей;63;430;2021-06-03;2021-06-12
Разработка CRM;63;430;2021-07-04;2021-07-10
Дизайн буклетов;63;430;2021-08-04;2021-08-12
Запук коллцентра;63;430;2021-09-05;2021-09-24
Запук коллцентра;63;430;2021-10-09;2021-10-28
Разработка CRM;63;430;2021-11-06;2021-11-20
Проведение исследований;63;430;2021-12-02;2021-12-18
Ребрендинг;64;431;2021-01-01;2021-01-13
Дизайн сайта;64;431;2021-02-09;2021-02-25
Опрос покупателей;64;431;2021-03-07;2021-03-15
Разработка сайта;64;431;2021-04-06;2021-04-25
Дизайн сайта;64;431;2021-05-08;2021-05-23
Разработка сайта;64;431;2021-06-09;2021-06-20
Опрос покупателей;64;431;2021-07-10;2021-07-19
Запук коллцентра;64;431;2021-08-10;2021-08-26
Разработка сайта;64;431;2021-09-05;2021-09-14
Разработка моб. приложения;64;431;2021-10-03;2021-10-17
Разработка CRM;64;431;2021-11-05;2021-11-19
Дизайн сайта;64;431;2021-12-10;2021-12-25
Проведение исследований;64;432;2021-01-07;2021-01-17
Ребрендинг;64;432;2021-02-03;2021-02-12
Разработка CRM;64;432;2021-03-09;2021-03-18
Ребрендинг;64;432;2021-04-09;2021-04-28
Проведение исследований;64;432;2021-05-03;2021-05-17
Разработка моб. приложения;64;432;2021-06-04;2021-06-20
Разработка CRM;64;432;2021-07-08;2021-07-24
Разработка сайта;64;432;2021-08-08;2021-08-24
Опрос покупателей;64;432;2021-09-10;2021-09-20
Разработка сайта;64;432;2021-10-07;2021-10-26
Дизайн сайта;64;432;2021-11-07;2021-11-22
Разработка сайта;64;432;2021-12-08;2021-12-16
Модернизация wifi-сети;64;433;2021-01-03;2021-01-23
Ребрендинг;64;433;2021-02-01;2021-02-14
Дизайн сайта;64;433;2021-03-04;2021-03-18
Разработка сайта;64;433;2021-04-01;2021-04-07
Дизайн буклетов;64;433;2021-05-04;2021-05-17
Обслуживание 1С;64;433;2021-06-08;2021-06-24
Ребрендинг;64;433;2021-07-01;2021-07-12
Дизайн буклетов;64;433;2021-08-01;2021-08-10
Разработка сайта;64;433;2021-09-01;2021-09-13
Опрос покупателей;64;433;2021-10-10;2021-10-23
Дизайн сайта;64;433;2021-11-01;2021-11-21
Обслуживание 1С;64;433;2021-12-07;2021-12-12
Дизайн буклетов;64;434;2021-01-09;2021-01-22
Дизайн буклетов;64;434;2021-02-07;2021-02-27
Аудит информационной безопасности;64;434;2021-03-05;2021-03-19
Дизайн сайта;64;434;2021-04-04;2021-04-23
Опрос покупателей;64;434;2021-05-02;2021-05-17
Проведение исследований;64;434;2021-06-01;2021-06-10
Проведение исследований;64;434;2021-07-02;2021-07-12
Дизайн буклетов;64;434;2021-08-07;2021-08-18
Запук коллцентра;64;434;2021-09-04;2021-09-23
Дизайн буклетов;64;434;2021-10-10;2021-10-17
Разработка сайта;64;434;2021-11-01;2021-11-19
Обучение сотрудников;64;434;2021-12-04;2021-12-24
Обслуживание 1С;64;435;2021-01-07;2021-01-14
Аудит информационной безопасности;64;435;2021-02-09;2021-02-22
Дизайн буклетов;64;435;2021-03-04;2021-03-22
Модернизация wifi-сети;64;435;2021-04-06;2021-04-16
Обучение сотрудников;64;435;2021-05-04;2021-05-17
Дизайн буклетов;64;435;2021-06-05;2021-06-22
Разработка сайта;64;435;2021-07-05;2021-07-20
Дизайн сайта;64;435;2021-08-08;2021-08-13
Обслуживание 1С;64;435;2021-09-09;2021-09-29
Аудит информационной безопасности;64;435;2021-10-04;2021-10-13
Обслуживание 1С;64;435;2021-11-10;2021-11-27
Проведение исследований;64;435;2021-12-01;2021-12-09
Запук коллцентра;64;436;2021-01-10;2021-01-19
Запук коллцентра;64;436;2021-02-09;2021-02-15
Обслуживание 1С;64;436;2021-03-03;2021-03-18
Разработка сайта;64;436;2021-04-03;2021-04-15
Ребрендинг;64;436;2021-05-04;2021-05-24
Проведение исследований;64;436;2021-06-10;2021-06-27
Проведение исследований;64;436;2021-07-07;2021-07-25
Обслуживание 1С;64;436;2021-08-10;2021-08-29
Дизайн сайта;64;436;2021-09-08;2021-09-24
Обучение сотрудников;64;436;2021-10-01;2021-10-21
Разработка моб. приложения;64;436;2021-11-07;2021-11-13
Разработка сайта;64;436;2021-12-06;2021-12-26
Разработка CRM;64;437;2021-01-09;2021-01-18
Запук коллцентра;64;437;2021-02-01;2021-02-06
Разработка сайта;64;437;2021-03-05;2021-03-20
Разработка сайта;64;437;2021-04-01;2021-04-15
Опрос покупателей;64;437;2021-05-06;2021-05-11
Разработка CRM;64;437;2021-06-10;2021-06-19
Разработка CRM;64;437;2021-07-01;2021-07-17
Обучение сотрудников;64;437;2021-08-04;2021-08-17
Опрос покупателей;64;437;2021-09-08;2021-09-19
Разработка моб. приложения;64;437;2021-10-02;2021-10-21
Ребрендинг;64;437;2021-11-08;2021-11-15
Дизайн буклетов;64;437;2021-12-09;2021-12-25
Аудит информационной безопасности;64;438;2021-01-08;2021-01-21
Запук коллцентра;64;438;2021-02-04;2021-02-13
Аудит информационной безопасности;64;438;2021-03-05;2021-03-18
Дизайн сайта;64;438;2021-04-09;2021-04-16
Разработка моб. приложения;64;438;2021-05-07;2021-05-21
Разработка CRM;64;438;2021-06-10;2021-06-27
Опрос покупателей;64;438;2021-07-07;2021-07-17
Ребрендинг;64;438;2021-08-02;2021-08-12
Разработка сайта;64;438;2021-09-09;2021-09-16
Обучение сотрудников;64;438;2021-10-01;2021-10-17
Модернизация wifi-сети;64;438;2021-11-09;2021-11-23
Модернизация wifi-сети;64;438;2021-12-04;2021-12-12
Запук коллцентра;64;439;2021-01-05;2021-01-11
Дизайн буклетов;64;439;2021-02-10;2021-02-27
Обслуживание 1С;64;439;2021-03-10;2021-03-15
Дизайн сайта;64;439;2021-04-10;2021-04-28
Обслуживание 1С;64;439;2021-05-07;2021-05-23
Разработка сайта;64;439;2021-06-05;2021-06-14
Обслуживание 1С;64;439;2021-07-06;2021-07-26
Дизайн сайта;64;439;2021-08-07;2021-08-16
Разработка сайта;64;439;2021-09-03;2021-09-22
Дизайн сайта;64;439;2021-10-07;2021-10-23
Проведение исследований;64;439;2021-11-01;2021-11-17
Модернизация wifi-сети;64;439;2021-12-08;2021-12-13
Обучение сотрудников;64;440;2021-01-08;2021-01-26
Аудит информационной безопасности;64;440;2021-02-06;2021-02-21
Дизайн буклетов;64;440;2021-03-08;2021-03-23
Обслуживание 1С;64;440;2021-04-01;2021-04-14
Запук коллцентра;64;440;2021-05-02;2021-05-12
Обучение сотрудников;64;440;2021-06-07;2021-06-21
Обслуживание 1С;64;440;2021-07-10;2021-07-23
Ребрендинг;64;440;2021-08-06;2021-08-25
Обслуживание 1С;64;440;2021-09-07;2021-09-20
Проведение исследований;64;440;2021-10-02;2021-10-09
Разработка сайта;64;440;2021-11-09;2021-11-27
Обучение сотрудников;64;440;2021-12-06;2021-12-12
Проведение исследований;65;441;2021-01-06;2021-01-21
Обучение сотрудников;65;441;2021-02-08;2021-02-16
Обучение сотрудников;65;441;2021-03-08;2021-03-21
Разработка моб. приложения;65;441;2021-04-03;2021-04-17
Модернизация wifi-сети;65;441;2021-05-02;2021-05-22
Обучение сотрудников;65;441;2021-06-05;2021-06-25
Обслуживание 1С;65;441;2021-07-06;2021-07-19
Проведение исследований;65;441;2021-08-08;2021-08-25
Дизайн буклетов;65;441;2021-09-01;2021-09-15
Дизайн сайта;65;441;2021-10-05;2021-10-17
Проведение исследований;65;441;2021-11-01;2021-11-17
Разработка моб. приложения;65;441;2021-12-09;2021-12-16
Аудит информационной безопасности;65;442;2021-01-04;2021-01-23
Проведение исследований;65;442;2021-02-08;2021-02-14
Разработка сайта;65;442;2021-03-10;2021-03-21
Аудит информационной безопасности;65;442;2021-04-04;2021-04-24
Запук коллцентра;65;442;2021-05-06;2021-05-15
Проведение исследований;65;442;2021-06-03;2021-06-08
Проведение исследований;65;442;2021-07-01;2021-07-07
Запук коллцентра;65;442;2021-08-07;2021-08-25
Обучение сотрудников;65;442;2021-09-04;2021-09-09
Опрос покупателей;65;442;2021-10-04;2021-10-09
Запук коллцентра;65;442;2021-11-01;2021-11-19
Обучение сотрудников;65;442;2021-12-04;2021-12-12
Разработка сайта;65;443;2021-01-01;2021-01-17
Аудит информационной безопасности;65;443;2021-02-07;2021-02-22
Проведение исследований;65;443;2021-03-06;2021-03-18
Проведение исследований;65;443;2021-04-04;2021-04-22
Дизайн сайта;65;443;2021-05-03;2021-05-20
Запук коллцентра;65;443;2021-06-06;2021-06-20
Дизайн сайта;65;443;2021-07-09;2021-07-24
Ребрендинг;65;443;2021-08-07;2021-08-21
Ребрендинг;65;443;2021-09-06;2021-09-23
Дизайн буклетов;65;443;2021-10-05;2021-10-21
Опрос покупателей;65;443;2021-11-04;2021-11-17
Ребрендинг;65;443;2021-12-06;2021-12-23
Дизайн сайта;65;444;2021-01-08;2021-01-21
Обслуживание 1С;65;444;2021-02-02;2021-02-18
Модернизация wifi-сети;65;444;2021-03-08;2021-03-21
Аудит информационной безопасности;65;444;2021-04-04;2021-04-11
Разработка CRM;65;444;2021-05-05;2021-05-18
Разработка CRM;65;444;2021-06-08;2021-06-21
Опрос покупателей;65;444;2021-07-06;2021-07-14
Дизайн сайта;65;444;2021-08-06;2021-08-23
Модернизация wifi-сети;65;444;2021-09-02;2021-09-13
Опрос покупателей;65;444;2021-10-05;2021-10-25
Опрос покупателей;65;444;2021-11-07;2021-11-16
Модернизация wifi-сети;65;444;2021-12-02;2021-12-12
Разработка CRM;65;445;2021-01-06;2021-01-20
Разработка моб. приложения;65;445;2021-02-03;2021-02-18
Дизайн буклетов;65;445;2021-03-02;2021-03-08
Проведение исследований;65;445;2021-04-01;2021-04-19
Обслуживание 1С;65;445;2021-05-01;2021-05-08
Разработка сайта;65;445;2021-06-05;2021-06-11
Разработка CRM;65;445;2021-07-05;2021-07-15
Разработка сайта;65;445;2021-08-03;2021-08-15
Разработка моб. приложения;65;445;2021-09-06;2021-09-24
Запук коллцентра;65;445;2021-10-10;2021-10-22
Модернизация wifi-сети;65;445;2021-11-03;2021-11-11
Обслуживание 1С;65;445;2021-12-10;2021-12-23
Опрос покупателей;65;446;2021-01-02;2021-01-12
Запук коллцентра;65;446;2021-02-01;2021-02-11
Дизайн сайта;65;446;2021-03-09;2021-03-23
Запук коллцентра;65;446;2021-04-08;2021-04-22
Обучение сотрудников;65;446;2021-05-10;2021-05-29
Запук коллцентра;65;446;2021-06-03;2021-06-08
Проведение исследований;65;446;2021-07-04;2021-07-23
Проведение исследований;65;446;2021-08-01;2021-08-20
Проведение исследований;65;446;2021-09-02;2021-09-15
Обучение сотрудников;65;446;2021-10-10;2021-10-21
Дизайн сайта;65;446;2021-11-02;2021-11-08
Ребрендинг;65;446;2021-12-06;2021-12-14
Аудит информационной безопасности;65;447;2021-01-04;2021-01-23
Разработка сайта;65;447;2021-02-10;2021-02-23
Разработка моб. приложения;65;447;2021-03-01;2021-03-19
Дизайн сайта;65;447;2021-04-06;2021-04-15
Дизайн сайта;65;447;2021-05-02;2021-05-11
Запук коллцентра;65;447;2021-06-06;2021-06-12
Дизайн буклетов;65;447;2021-07-02;2021-07-18
Обслуживание 1С;65;447;2021-08-03;2021-08-18
Опрос покупателей;65;447;2021-09-09;2021-09-26
Аудит информационной безопасности;65;447;2021-10-10;2021-10-27
Разработка сайта;65;447;2021-11-06;2021-11-13
Дизайн буклетов;65;447;2021-12-03;2021-12-19
Проведение исследований;65;448;2021-01-07;2021-01-12
Обучение сотрудников;65;448;2021-02-05;2021-02-13
Разработка CRM;65;448;2021-03-01;2021-03-13
Проведение исследований;65;448;2021-04-07;2021-04-14
Модернизация wifi-сети;65;448;2021-05-09;2021-05-18
Разработка сайта;65;448;2021-06-04;2021-06-22
Обучение сотрудников;65;448;2021-07-02;2021-07-21
Модернизация wifi-сети;65;448;2021-08-08;2021-08-27
Проведение исследований;65;448;2021-09-01;2021-09-12
Опрос покупателей;65;448;2021-10-06;2021-10-21
Проведение исследований;65;448;2021-11-07;2021-11-12
Разработка CRM;65;448;2021-12-08;2021-12-25
Опрос покупателей;65;449;2021-01-01;2021-01-12
Проведение исследований;65;449;2021-02-08;2021-02-15
Обучение сотрудников;65;449;2021-03-02;2021-03-19
Запук коллцентра;65;449;2021-04-01;2021-04-15
Дизайн сайта;65;449;2021-05-07;2021-05-24
Опрос покупателей;65;449;2021-06-01;2021-06-21
Ребрендинг;65;449;2021-07-02;2021-07-14
Аудит информационной безопасности;65;449;2021-08-05;2021-08-21
Дизайн сайта;65;449;2021-09-01;2021-09-15
Обслуживание 1С;65;449;2021-10-07;2021-10-27
Аудит информационной безопасности;65;449;2021-11-09;2021-11-19
Обслуживание 1С;65;449;2021-12-02;2021-12-16
Аудит информационной безопасности;65;450;2021-01-05;2021-01-22
Обслуживание 1С;65;450;2021-02-06;2021-02-13
Дизайн сайта;65;450;2021-03-02;2021-03-22
Запук коллцентра;65;450;2021-04-08;2021-04-14
Модернизация wifi-сети;65;450;2021-05-03;2021-05-19
Модернизация wifi-сети;65;450;2021-06-10;2021-06-24
Разработка моб. приложения;65;450;2021-07-01;2021-07-10
Обучение сотрудников;65;450;2021-08-09;2021-08-27
Модернизация wifi-сети;65;450;2021-09-02;2021-09-18
Разработка моб. приложения;65;450;2021-10-05;2021-10-12
Дизайн сайта;65;450;2021-11-01;2021-11-20
Модернизация wifi-сети;65;450;2021-12-01;2021-12-16
Обучение сотрудников;66;451;2021-01-03;2021-01-22
Дизайн буклетов;66;451;2021-02-08;2021-02-25
Модернизация wifi-сети;66;451;2021-03-02;2021-03-13
Ребрендинг;66;451;2021-04-08;2021-04-23
Ребрендинг;66;451;2021-05-05;2021-05-11
Дизайн сайта;66;451;2021-06-02;2021-06-10
Опрос покупателей;66;451;2021-07-02;2021-07-20
Ребрендинг;66;451;2021-08-06;2021-08-21
Ребрендинг;66;451;2021-09-10;2021-09-16
Разработка CRM;66;451;2021-10-06;2021-10-24
Аудит информационной безопасности;66;451;2021-11-06;2021-11-17
Разработка моб. приложения;66;451;2021-12-07;2021-12-26
Разработка моб. приложения;66;452;2021-01-03;2021-01-10
Обучение сотрудников;66;452;2021-02-03;2021-02-18
Запук коллцентра;66;452;2021-03-07;2021-03-21
Запук коллцентра;66;452;2021-04-07;2021-04-19
Дизайн сайта;66;452;2021-05-08;2021-05-27
Ребрендинг;66;452;2021-06-01;2021-06-09
Опрос покупателей;66;452;2021-07-09;2021-07-15
Опрос покупателей;66;452;2021-08-04;2021-08-09
Обслуживание 1С;66;452;2021-09-09;2021-09-27
Аудит информационной безопасности;66;452;2021-10-05;2021-10-23
Разработка моб. приложения;66;452;2021-11-07;2021-11-12
Разработка CRM;66;452;2021-12-09;2021-12-22
Аудит информационной безопасности;66;453;2021-01-04;2021-01-09
Разработка моб. приложения;66;453;2021-02-06;2021-02-17
Разработка моб. приложения;66;453;2021-03-05;2021-03-24
Дизайн буклетов;66;453;2021-04-07;2021-04-14
Разработка моб. приложения;66;453;2021-05-10;2021-05-23
Дизайн сайта;66;453;2021-06-07;2021-06-27
Обучение сотрудников;66;453;2021-07-01;2021-07-13
Разработка сайта;66;453;2021-08-10;2021-08-19
Проведение исследований;66;453;2021-09-10;2021-09-26
Запук коллцентра;66;453;2021-10-04;2021-10-14
Аудит информационной безопасности;66;453;2021-11-06;2021-11-18
Обслуживание 1С;66;453;2021-12-08;2021-12-18
Разработка сайта;66;454;2021-01-05;2021-01-14
Дизайн буклетов;66;454;2021-02-07;2021-02-16
Разработка CRM;66;454;2021-03-06;2021-03-13
Проведение исследований;66;454;2021-04-05;2021-04-20
Разработка моб. приложения;66;454;2021-05-10;2021-05-25
Проведение исследований;66;454;2021-06-07;2021-06-16
Дизайн сайта;66;454;2021-07-04;2021-07-21
Разработка моб. приложения;66;454;2021-08-02;2021-08-12
Проведение исследований;66;454;2021-09-02;2021-09-09
Модернизация wifi-сети;66;454;2021-10-10;2021-10-18
Опрос покупателей;66;454;2021-11-05;2021-11-10
Проведение исследований;66;454;2021-12-02;2021-12-21
Ребрендинг;66;455;2021-01-07;2021-01-15
Ребрендинг;66;455;2021-02-07;2021-02-24
Разработка сайта;66;455;2021-03-04;2021-03-20
Обучение сотрудников;66;455;2021-04-10;2021-04-29
Обслуживание 1С;66;455;2021-05-09;2021-05-19
Ребрендинг;66;455;2021-06-06;2021-06-12
Разработка моб. приложения;66;455;2021-07-07;2021-07-27
Запук коллцентра;66;455;2021-08-01;2021-08-21
Аудит информационной безопасности;66;455;2021-09-07;2021-09-12
Обучение сотрудников;66;455;2021-10-02;2021-10-22
Запук коллцентра;66;455;2021-11-09;2021-11-27
Разработка CRM;66;455;2021-12-02;2021-12-20
Опрос покупателей;66;456;2021-01-08;2021-01-20
Разработка сайта;66;456;2021-02-07;2021-02-17
Обучение сотрудников;66;456;2021-03-07;2021-03-13
Обслуживание 1С;66;456;2021-04-10;2021-04-15
Разработка моб. приложения;66;456;2021-05-10;2021-05-19
Ребрендинг;66;456;2021-06-09;2021-06-19
Разработка моб. приложения;66;456;2021-07-06;2021-07-12
Обслуживание 1С;66;456;2021-08-08;2021-08-14
Проведение исследований;66;456;2021-09-03;2021-09-17
Дизайн сайта;66;456;2021-10-10;2021-10-20
Разработка моб. приложения;66;456;2021-11-04;2021-11-12
Запук коллцентра;66;456;2021-12-03;2021-12-12
Дизайн сайта;66;457;2021-01-10;2021-01-30
Обучение сотрудников;66;457;2021-02-02;2021-02-10
Опрос покупателей;66;457;2021-03-01;2021-03-13
Обслуживание 1С;66;457;2021-04-09;2021-04-26
Дизайн сайта;66;457;2021-05-01;2021-05-12
Дизайн сайта;66;457;2021-06-08;2021-06-24
Обслуживание 1С;66;457;2021-07-03;2021-07-08
Аудит информационной безопасности;66;457;2021-08-07;2021-08-22
Разработка сайта;66;457;2021-09-03;2021-09-19
Опрос покупателей;66;457;2021-10-10;2021-10-30
Модернизация wifi-сети;66;457;2021-11-07;2021-11-26
Обслуживание 1С;66;457;2021-12-07;2021-12-25
Обслуживание 1С;66;458;2021-01-05;2021-01-11
Разработка сайта;66;458;2021-02-07;2021-02-18
Разработка CRM;66;458;2021-03-09;2021-03-20
Обучение сотрудников;66;458;2021-04-01;2021-04-14
Запук коллцентра;66;458;2021-05-03;2021-05-11
Дизайн буклетов;66;458;2021-06-09;2021-06-27
Дизайн буклетов;66;458;2021-07-02;2021-07-20
Проведение исследований;66;458;2021-08-08;2021-08-13
Разработка CRM;66;458;2021-09-07;2021-09-27
Проведение исследований;66;458;2021-10-07;2021-10-13
Разработка CRM;66;458;2021-11-09;2021-11-26
Разработка моб. приложения;66;458;2021-12-07;2021-12-22
Модернизация wifi-сети;66;459;2021-01-05;2021-01-22
Разработка сайта;66;459;2021-02-01;2021-02-21
Запук коллцентра;66;459;2021-03-06;2021-03-23
Проведение исследований;66;459;2021-04-05;2021-04-25
Аудит информационной безопасности;66;459;2021-05-08;2021-05-28
Опрос покупателей;66;459;2021-06-02;2021-06-13
Разработка CRM;66;459;2021-07-02;2021-07-12
Опрос покупателей;66;459;2021-08-08;2021-08-25
Обслуживание 1С;66;459;2021-09-10;2021-09-21
Обслуживание 1С;66;459;2021-10-07;2021-10-21
Опрос покупателей;66;459;2021-11-06;2021-11-11
Ребрендинг;66;459;2021-12-01;2021-12-12
Разработка моб. приложения;66;460;2021-01-01;2021-01-07
Разработка моб. приложения;66;460;2021-02-05;2021-02-12
Дизайн буклетов;66;460;2021-03-09;2021-03-14
Разработка сайта;66;460;2021-04-06;2021-04-24
Обучение сотрудников;66;460;2021-05-02;2021-05-09
Обслуживание 1С;66;460;2021-06-09;2021-06-19
Запук коллцентра;66;460;2021-07-10;2021-07-18
Опрос покупателей;66;460;2021-08-05;2021-08-24
Проведение исследований;66;460;2021-09-07;2021-09-26
Опрос покупателей;66;460;2021-10-05;2021-10-23
Аудит информационной безопасности;66;460;2021-11-06;2021-11-18
Обучение сотрудников;66;460;2021-12-02;2021-12-21
Разработка сайта;67;461;2021-01-07;2021-01-23
Разработка сайта;67;461;2021-02-02;2021-02-10
Дизайн сайта;67;461;2021-03-01;2021-03-08
Разработка CRM;67;461;2021-04-02;2021-04-09
Аудит информационной безопасности;67;461;2021-05-09;2021-05-16
Разработка моб. приложения;67;461;2021-06-05;2021-06-15
Проведение исследований;67;461;2021-07-03;2021-07-15
Опрос покупателей;67;461;2021-08-10;2021-08-21
Ребрендинг;67;461;2021-09-03;2021-09-12
Дизайн буклетов;67;461;2021-10-01;2021-10-06
Дизайн буклетов;67;461;2021-11-01;2021-11-15
Опрос покупателей;67;461;2021-12-10;2021-12-15
Запук коллцентра;67;462;2021-01-02;2021-01-15
Проведение исследований;67;462;2021-02-05;2021-02-21
Разработка моб. приложения;67;462;2021-03-05;2021-03-23
Обслуживание 1С;67;462;2021-04-10;2021-04-15
Ребрендинг;67;462;2021-05-05;2021-05-21
Дизайн буклетов;67;462;2021-06-02;2021-06-13
Аудит информационной безопасности;67;462;2021-07-06;2021-07-18
Разработка CRM;67;462;2021-08-02;2021-08-11
Обслуживание 1С;67;462;2021-09-07;2021-09-24
Обучение сотрудников;67;462;2021-10-01;2021-10-07
Дизайн буклетов;67;462;2021-11-08;2021-11-23
Запук коллцентра;67;462;2021-12-06;2021-12-12
Дизайн сайта;67;463;2021-01-07;2021-01-18
Запук коллцентра;67;463;2021-02-07;2021-02-27
Разработка сайта;67;463;2021-03-06;2021-03-24
Разработка моб. приложения;67;463;2021-04-07;2021-04-17
Аудит информационной безопасности;67;463;2021-05-10;2021-05-15
Разработка сайта;67;463;2021-06-09;2021-06-15
Аудит информационной безопасности;67;463;2021-07-03;2021-07-19
Разработка сайта;67;463;2021-08-05;2021-08-14
Дизайн сайта;67;463;2021-09-09;2021-09-21
Дизайн сайта;67;463;2021-10-05;2021-10-10
Разработка моб. приложения;67;463;2021-11-09;2021-11-17
Дизайн сайта;67;463;2021-12-03;2021-12-16
Запук коллцентра;67;464;2021-01-08;2021-01-16
Ребрендинг;67;464;2021-02-09;2021-02-23
Проведение исследований;67;464;2021-03-01;2021-03-20
Разработка CRM;67;464;2021-04-05;2021-04-24
Ребрендинг;67;464;2021-05-01;2021-05-15
Модернизация wifi-сети;67;464;2021-06-03;2021-06-09
Модернизация wifi-сети;67;464;2021-07-10;2021-07-23
Обслуживание 1С;67;464;2021-08-07;2021-08-24
Дизайн буклетов;67;464;2021-09-06;2021-09-17
Разработка CRM;67;464;2021-10-07;2021-10-20
Дизайн сайта;67;464;2021-11-01;2021-11-13
Аудит информационной безопасности;67;464;2021-12-10;2021-12-16
Разработка CRM;67;465;2021-01-02;2021-01-21
Обслуживание 1С;67;465;2021-02-10;2021-03-02
Запук коллцентра;67;465;2021-03-07;2021-03-14
Запук коллцентра;67;465;2021-04-01;2021-04-10
Ребрендинг;67;465;2021-05-06;2021-05-22
Ребрендинг;67;465;2021-06-10;2021-06-26
Разработка моб. приложения;67;465;2021-07-07;2021-07-19
Запук коллцентра;67;465;2021-08-08;2021-08-15
Разработка сайта;67;465;2021-09-04;2021-09-12
Обслуживание 1С;67;465;2021-10-06;2021-10-19
Модернизация wifi-сети;67;465;2021-11-08;2021-11-23
Разработка сайта;67;465;2021-12-03;2021-12-11
Разработка сайта;67;466;2021-01-08;2021-01-24
Обучение сотрудников;67;466;2021-02-10;2021-02-21
Разработка CRM;67;466;2021-03-09;2021-03-18
Дизайн буклетов;67;466;2021-04-09;2021-04-17
Разработка CRM;67;466;2021-05-07;2021-05-14
Проведение исследований;67;466;2021-06-03;2021-06-14
Запук коллцентра;67;466;2021-07-02;2021-07-10
Модернизация wifi-сети;67;466;2021-08-07;2021-08-16
Ребрендинг;67;466;2021-09-04;2021-09-16
Модернизация wifi-сети;67;466;2021-10-05;2021-10-24
Ребрендинг;67;466;2021-11-02;2021-11-08
Проведение исследований;67;466;2021-12-06;2021-12-26
Дизайн буклетов;67;467;2021-01-04;2021-01-23
Проведение исследований;67;467;2021-02-02;2021-02-15
Обучение сотрудников;67;467;2021-03-07;2021-03-12
Ребрендинг;67;467;2021-04-02;2021-04-15
Аудит информационной безопасности;67;467;2021-05-08;2021-05-28
Аудит информационной безопасности;67;467;2021-06-05;2021-06-16
Запук коллцентра;67;467;2021-07-08;2021-07-13
Обучение сотрудников;67;467;2021-08-03;2021-08-19
Опрос покупателей;67;467;2021-09-01;2021-09-13
Проведение исследований;67;467;2021-10-01;2021-10-13
Проведение исследований;67;467;2021-11-09;2021-11-20
Обслуживание 1С;67;467;2021-12-01;2021-12-12
Дизайн буклетов;67;468;2021-01-10;2021-01-20
Разработка сайта;67;468;2021-02-03;2021-02-12
Дизайн буклетов;67;468;2021-03-06;2021-03-25
Ребрендинг;67;468;2021-04-03;2021-04-15
Разработка сайта;67;468;2021-05-02;2021-05-21
Разработка CRM;67;468;2021-06-01;2021-06-12
Ребрендинг;67;468;2021-07-04;2021-07-11
Дизайн буклетов;67;468;2021-08-09;2021-08-17
Разработка CRM;67;468;2021-09-04;2021-09-17
Разработка сайта;67;468;2021-10-07;2021-10-25
Обучение сотрудников;67;468;2021-11-07;2021-11-12
Разработка CRM;67;468;2021-12-08;2021-12-16
Дизайн сайта;67;469;2021-01-02;2021-01-13
Запук коллцентра;67;469;2021-02-10;2021-02-28
Дизайн буклетов;67;469;2021-03-02;2021-03-16
Модернизация wifi-сети;67;469;2021-04-10;2021-04-24
Разработка моб. приложения;67;469;2021-05-06;2021-05-24
Дизайн буклетов;67;469;2021-06-01;2021-06-06
Модернизация wifi-сети;67;469;2021-07-03;2021-07-10
Разработка CRM;67;469;2021-08-07;2021-08-22
Аудит информационной безопасности;67;469;2021-09-02;2021-09-08
Ребрендинг;67;469;2021-10-08;2021-10-18
Разработка CRM;67;469;2021-11-05;2021-11-25
Дизайн буклетов;67;469;2021-12-02;2021-12-09
Опрос покупателей;67;470;2021-01-10;2021-01-30
Дизайн буклетов;67;470;2021-02-10;2021-02-25
Разработка сайта;67;470;2021-03-01;2021-03-11
Запук коллцентра;67;470;2021-04-02;2021-04-13
Опрос покупателей;67;470;2021-05-03;2021-05-17
Разработка моб. приложения;67;470;2021-06-08;2021-06-27
Модернизация wifi-сети;67;470;2021-07-05;2021-07-21
Разработка моб. приложения;67;470;2021-08-09;2021-08-28
Разработка моб. приложения;67;470;2021-09-03;2021-09-20
Опрос покупателей;67;470;2021-10-04;2021-10-09
Разработка CRM;67;470;2021-11-02;2021-11-16
Аудит информационной безопасности;67;470;2021-12-10;2021-12-30
Разработка сайта;68;471;2021-01-05;2021-01-14
Обслуживание 1С;68;471;2021-02-01;2021-02-18
Дизайн буклетов;68;471;2021-03-08;2021-03-23
Разработка сайта;68;471;2021-04-10;2021-04-21
Запук коллцентра;68;471;2021-05-05;2021-05-10
Ребрендинг;68;471;2021-06-03;2021-06-12
Разработка моб. приложения;68;471;2021-07-04;2021-07-17
Ребрендинг;68;471;2021-08-09;2021-08-16
Проведение исследований;68;471;2021-09-05;2021-09-18
Запук коллцентра;68;471;2021-10-06;2021-10-13
Дизайн буклетов;68;471;2021-11-09;2021-11-17
Дизайн сайта;68;471;2021-12-05;2021-12-24
Дизайн сайта;68;472;2021-01-04;2021-01-24
Запук коллцентра;68;472;2021-02-05;2021-02-25
Дизайн сайта;68;472;2021-03-03;2021-03-15
Дизайн буклетов;68;472;2021-04-10;2021-04-30
Обслуживание 1С;68;472;2021-05-07;2021-05-26
Разработка моб. приложения;68;472;2021-06-03;2021-06-15
Модернизация wifi-сети;68;472;2021-07-10;2021-07-29
Запук коллцентра;68;472;2021-08-03;2021-08-09
Запук коллцентра;68;472;2021-09-03;2021-09-12
Модернизация wifi-сети;68;472;2021-10-09;2021-10-21
Обучение сотрудников;68;472;2021-11-09;2021-11-18
Разработка сайта;68;472;2021-12-07;2021-12-20
Дизайн сайта;68;473;2021-01-04;2021-01-21
Дизайн буклетов;68;473;2021-02-03;2021-02-15
Проведение исследований;68;473;2021-03-07;2021-03-17
Опрос покупателей;68;473;2021-04-10;2021-04-22
Запук коллцентра;68;473;2021-05-08;2021-05-22
Проведение исследований;68;473;2021-06-09;2021-06-22
Ребрендинг;68;473;2021-07-04;2021-07-23
Проведение исследований;68;473;2021-08-02;2021-08-08
Ребрендинг;68;473;2021-09-07;2021-09-23
Дизайн буклетов;68;473;2021-10-06;2021-10-25
Обучение сотрудников;68;473;2021-11-04;2021-11-15
Разработка моб. приложения;68;473;2021-12-04;2021-12-13
Обслуживание 1С;68;474;2021-01-09;2021-01-21
Аудит информационной безопасности;68;474;2021-02-05;2021-02-15
Обучение сотрудников;68;474;2021-03-02;2021-03-19
Запук коллцентра;68;474;2021-04-05;2021-04-14
Обслуживание 1С;68;474;2021-05-01;2021-05-15
Ребрендинг;68;474;2021-06-05;2021-06-20
Модернизация wifi-сети;68;474;2021-07-08;2021-07-22
Запук коллцентра;68;474;2021-08-04;2021-08-09
Аудит информационной безопасности;68;474;2021-09-02;2021-09-09
Обучение сотрудников;68;474;2021-10-02;2021-10-21
Ребрендинг;68;474;2021-11-02;2021-11-09
Разработка сайта;68;474;2021-12-07;2021-12-24
Дизайн буклетов;68;475;2021-01-08;2021-01-15
Аудит информационной безопасности;68;475;2021-02-06;2021-02-23
Разработка сайта;68;475;2021-03-07;2021-03-22
Проведение исследований;68;475;2021-04-05;2021-04-21
Дизайн сайта;68;475;2021-05-05;2021-05-10
Обслуживание 1С;68;475;2021-06-09;2021-06-26
Аудит информационной безопасности;68;475;2021-07-10;2021-07-23
Ребрендинг;68;475;2021-08-09;2021-08-26
Разработка сайта;68;475;2021-09-09;2021-09-25
Разработка моб. приложения;68;475;2021-10-01;2021-10-12
Обучение сотрудников;68;475;2021-11-05;2021-11-17
Разработка сайта;68;475;2021-12-04;2021-12-17
Разработка сайта;68;476;2021-01-04;2021-01-16
Ребрендинг;68;476;2021-02-07;2021-02-22
Запук коллцентра;68;476;2021-03-01;2021-03-07
Аудит информационной безопасности;68;476;2021-04-04;2021-04-15
Запук коллцентра;68;476;2021-05-07;2021-05-25
Дизайн сайта;68;476;2021-06-05;2021-06-21
Модернизация wifi-сети;68;476;2021-07-03;2021-07-18
Обслуживание 1С;68;476;2021-08-01;2021-08-11
Ребрендинг;68;476;2021-09-07;2021-09-23
Запук коллцентра;68;476;2021-10-06;2021-10-25
Запук коллцентра;68;476;2021-11-06;2021-11-14
Запук коллцентра;68;476;2021-12-05;2021-12-13
Дизайн сайта;68;477;2021-01-07;2021-01-18
Проведение исследований;68;477;2021-02-09;2021-02-19
Дизайн сайта;68;477;2021-03-08;2021-03-14
Ребрендинг;68;477;2021-04-09;2021-04-26
Разработка CRM;68;477;2021-05-10;2021-05-23
Обучение сотрудников;68;477;2021-06-05;2021-06-16
Разработка CRM;68;477;2021-07-02;2021-07-08
Проведение исследований;68;477;2021-08-02;2021-08-11
Разработка CRM;68;477;2021-09-08;2021-09-22
Опрос покупателей;68;477;2021-10-10;2021-10-27
Обслуживание 1С;68;477;2021-11-10;2021-11-24
Модернизация wifi-сети;68;477;2021-12-01;2021-12-18
Модернизация wifi-сети;68;478;2021-01-04;2021-01-16
Разработка CRM;68;478;2021-02-06;2021-02-24
Дизайн буклетов;68;478;2021-03-10;2021-03-17
Дизайн буклетов;68;478;2021-04-06;2021-04-16
Разработка сайта;68;478;2021-05-02;2021-05-15
Обслуживание 1С;68;478;2021-06-05;2021-06-10
Разработка сайта;68;478;2021-07-06;2021-07-12
Разработка сайта;68;478;2021-08-06;2021-08-19
Разработка моб. приложения;68;478;2021-09-09;2021-09-15
Опрос покупателей;68;478;2021-10-07;2021-10-23
Аудит информационной безопасности;68;478;2021-11-01;2021-11-13
Аудит информационной безопасности;68;478;2021-12-09;2021-12-17
Аудит информационной безопасности;68;479;2021-01-03;2021-01-16
Обучение сотрудников;68;479;2021-02-01;2021-02-10
Дизайн сайта;68;479;2021-03-08;2021-03-16
Ребрендинг;68;479;2021-04-08;2021-04-26
Опрос покупателей;68;479;2021-05-03;2021-05-10
Запук коллцентра;68;479;2021-06-02;2021-06-13
Обучение сотрудников;68;479;2021-07-08;2021-07-25
Разработка CRM;68;479;2021-08-02;2021-08-18
Дизайн буклетов;68;479;2021-09-09;2021-09-25
Разработка моб. приложения;68;479;2021-10-01;2021-10-07
Модернизация wifi-сети;68;479;2021-11-10;2021-11-24
Обслуживание 1С;68;479;2021-12-07;2021-12-19
Дизайн буклетов;68;480;2021-01-06;2021-01-17
Опрос покупателей;68;480;2021-02-03;2021-02-16
Обучение сотрудников;68;480;2021-03-09;2021-03-24
Запук коллцентра;68;480;2021-04-03;2021-04-21
Разработка сайта;68;480;2021-05-02;2021-05-22
Разработка CRM;68;480;2021-06-04;2021-06-19
Разработка CRM;68;480;2021-07-09;2021-07-20
Обучение сотрудников;68;480;2021-08-04;2021-08-21
Обучение сотрудников;68;480;2021-09-03;2021-09-16
Ребрендинг;68;480;2021-10-10;2021-10-19
Разработка CRM;68;480;2021-11-10;2021-11-27
Проведение исследований;68;480;2021-12-01;2021-12-09
Дизайн сайта;69;481;2021-01-08;2021-01-26
Разработка сайта;69;481;2021-02-09;2021-02-19
Запук коллцентра;69;481;2021-03-02;2021-03-12
Дизайн сайта;69;481;2021-04-08;2021-04-25
Модернизация wifi-сети;69;481;2021-05-04;2021-05-18
Дизайн буклетов;69;481;2021-06-10;2021-06-24
Проведение исследований;69;481;2021-07-04;2021-07-13
Аудит информационной безопасности;69;481;2021-08-03;2021-08-21
Разработка CRM;69;481;2021-09-07;2021-09-24
Дизайн сайта;69;481;2021-10-03;2021-10-19
Запук коллцентра;69;481;2021-11-04;2021-11-21
Обучение сотрудников;69;481;2021-12-03;2021-12-15
Обучение сотрудников;69;482;2021-01-06;2021-01-19
Опрос покупателей;69;482;2021-02-05;2021-02-21
Обслуживание 1С;69;482;2021-03-06;2021-03-18
Проведение исследований;69;482;2021-04-07;2021-04-27
Опрос покупателей;69;482;2021-05-06;2021-05-22
Разработка CRM;69;482;2021-06-06;2021-06-17
Дизайн сайта;69;482;2021-07-02;2021-07-22
Разработка CRM;69;482;2021-08-09;2021-08-20
Опрос покупателей;69;482;2021-09-06;2021-09-22
Разработка CRM;69;482;2021-10-02;2021-10-07
Проведение исследований;69;482;2021-11-03;2021-11-12
Ребрендинг;69;482;2021-12-02;2021-12-07
Обслуживание 1С;69;483;2021-01-05;2021-01-23
Обслуживание 1С;69;483;2021-02-02;2021-02-09
Ребрендинг;69;483;2021-03-06;2021-03-18
Проведение исследований;69;483;2021-04-05;2021-04-24
Проведение исследований;69;483;2021-05-04;2021-05-21
Ребрендинг;69;483;2021-06-05;2021-06-11
Ребрендинг;69;483;2021-07-03;2021-07-11
Ребрендинг;69;483;2021-08-04;2021-08-13
Разработка моб. приложения;69;483;2021-09-10;2021-09-20
Обслуживание 1С;69;483;2021-10-02;2021-10-16
Аудит информационной безопасности;69;483;2021-11-02;2021-11-20
Проведение исследований;69;483;2021-12-07;2021-12-22
Дизайн буклетов;69;484;2021-01-03;2021-01-21
Разработка сайта;69;484;2021-02-08;2021-02-22
Опрос покупателей;69;484;2021-03-01;2021-03-09
Дизайн сайта;69;484;2021-04-03;2021-04-13
Аудит информационной безопасности;69;484;2021-05-09;2021-05-17
Разработка CRM;69;484;2021-06-08;2021-06-25
Модернизация wifi-сети;69;484;2021-07-01;2021-07-09
Модернизация wifi-сети;69;484;2021-08-05;2021-08-12
Дизайн сайта;69;484;2021-09-07;2021-09-15
Опрос покупателей;69;484;2021-10-05;2021-10-15
Модернизация wifi-сети;69;484;2021-11-03;2021-11-11
Модернизация wifi-сети;69;484;2021-12-02;2021-12-10
Ребрендинг;69;485;2021-01-06;2021-01-26
Ребрендинг;69;485;2021-02-10;2021-02-27
Дизайн буклетов;69;485;2021-03-04;2021-03-19
Разработка CRM;69;485;2021-04-06;2021-04-26
Запук коллцентра;69;485;2021-05-04;2021-05-11
Обслуживание 1С;69;485;2021-06-08;2021-06-21
Обслуживание 1С;69;485;2021-07-02;2021-07-15
Проведение исследований;69;485;2021-08-08;2021-08-16
Обучение сотрудников;69;485;2021-09-05;2021-09-14
Обучение сотрудников;69;485;2021-10-04;2021-10-09
Модернизация wifi-сети;69;485;2021-11-05;2021-11-22
Обучение сотрудников;69;485;2021-12-09;2021-12-22
Проведение исследований;69;486;2021-01-03;2021-01-08
Модернизация wifi-сети;69;486;2021-02-06;2021-02-23
Разработка моб. приложения;69;486;2021-03-08;2021-03-20
Аудит информационной безопасности;69;486;2021-04-03;2021-04-17
Обслуживание 1С;69;486;2021-05-05;2021-05-21
Модернизация wifi-сети;69;486;2021-06-08;2021-06-21
Проведение исследований;69;486;2021-07-04;2021-07-11
Проведение исследований;69;486;2021-08-01;2021-08-17
Запук коллцентра;69;486;2021-09-07;2021-09-25
Аудит информационной безопасности;69;486;2021-10-08;2021-10-14
Дизайн сайта;69;486;2021-11-04;2021-11-14
Разработка моб. приложения;69;486;2021-12-02;2021-12-10
Разработка CRM;69;487;2021-01-10;2021-01-28
Опрос покупателей;69;487;2021-02-09;2021-03-01
Обслуживание 1С;69;487;2021-03-07;2021-03-27
Разработка моб. приложения;69;487;2021-04-05;2021-04-15
Разработка моб. приложения;69;487;2021-05-04;2021-05-20
Разработка моб. приложения;69;487;2021-06-02;2021-06-17
Дизайн буклетов;69;487;2021-07-10;2021-07-24
Дизайн буклетов;69;487;2021-08-06;2021-08-25
Модернизация wifi-сети;69;487;2021-09-07;2021-09-21
Запук коллцентра;69;487;2021-10-08;2021-10-17
Разработка моб. приложения;69;487;2021-11-01;2021-11-14
Обслуживание 1С;69;487;2021-12-05;2021-12-18
Дизайн буклетов;69;488;2021-01-08;2021-01-23
Разработка моб. приложения;69;488;2021-02-01;2021-02-15
Обучение сотрудников;69;488;2021-03-04;2021-03-17
Опрос покупателей;69;488;2021-04-09;2021-04-14
Проведение исследований;69;488;2021-05-10;2021-05-16
Обслуживание 1С;69;488;2021-06-01;2021-06-20
Запук коллцентра;69;488;2021-07-10;2021-07-16
Проведение исследований;69;488;2021-08-08;2021-08-13
Проведение исследований;69;488;2021-09-09;2021-09-20
Разработка CRM;69;488;2021-10-03;2021-10-15
Модернизация wifi-сети;69;488;2021-11-01;2021-11-11
Модернизация wifi-сети;69;488;2021-12-10;2021-12-29
Разработка сайта;69;489;2021-01-03;2021-01-16
Обслуживание 1С;69;489;2021-02-03;2021-02-14
Обучение сотрудников;69;489;2021-03-02;2021-03-15
Опрос покупателей;69;489;2021-04-05;2021-04-22
Разработка сайта;69;489;2021-05-01;2021-05-09
Дизайн сайта;69;489;2021-06-02;2021-06-08
Разработка сайта;69;489;2021-07-05;2021-07-18
Аудит информационной безопасности;69;489;2021-08-02;2021-08-14
Обслуживание 1С;69;489;2021-09-03;2021-09-23
Запук коллцентра;69;489;2021-10-06;2021-10-26
Разработка CRM;69;489;2021-11-02;2021-11-20
Обслуживание 1С;69;489;2021-12-09;2021-12-18
Разработка сайта;69;490;2021-01-05;2021-01-13
Обслуживание 1С;69;490;2021-02-03;2021-02-14
Модернизация wifi-сети;69;490;2021-03-05;2021-03-15
Модернизация wifi-сети;69;490;2021-04-06;2021-04-25
Обучение сотрудников;69;490;2021-05-05;2021-05-16
Аудит информационной безопасности;69;490;2021-06-10;2021-06-29
Разработка моб. приложения;69;490;2021-07-07;2021-07-23
Дизайн буклетов;69;490;2021-08-08;2021-08-14
Дизайн сайта;69;490;2021-09-08;2021-09-28
Опрос покупателей;69;490;2021-10-06;2021-10-13
Дизайн буклетов;69;490;2021-11-05;2021-11-13
Проведение исследований;69;490;2021-12-05;2021-12-23
Обучение сотрудников;70;491;2021-01-02;2021-01-14
Запук коллцентра;70;491;2021-02-06;2021-02-24
Обслуживание 1С;70;491;2021-03-01;2021-03-13
Дизайн сайта;70;491;2021-04-02;2021-04-09
Разработка сайта;70;491;2021-05-08;2021-05-28
Аудит информационной безопасности;70;491;2021-06-05;2021-06-17
Опрос покупателей;70;491;2021-07-04;2021-07-20
Разработка CRM;70;491;2021-08-10;2021-08-16
Дизайн сайта;70;491;2021-09-02;2021-09-14
Обучение сотрудников;70;491;2021-10-02;2021-10-19
Ребрендинг;70;491;2021-11-02;2021-11-14
Опрос покупателей;70;491;2021-12-03;2021-12-16
Разработка сайта;70;492;2021-01-04;2021-01-23
Опрос покупателей;70;492;2021-02-03;2021-02-17
Обслуживание 1С;70;492;2021-03-04;2021-03-09
Разработка CRM;70;492;2021-04-08;2021-04-26
Модернизация wifi-сети;70;492;2021-05-02;2021-05-19
Модернизация wifi-сети;70;492;2021-06-04;2021-06-16
Обслуживание 1С;70;492;2021-07-03;2021-07-19
Ребрендинг;70;492;2021-08-06;2021-08-11
Разработка CRM;70;492;2021-09-09;2021-09-22
Дизайн буклетов;70;492;2021-10-06;2021-10-20
Опрос покупателей;70;492;2021-11-03;2021-11-10
Обучение сотрудников;70;492;2021-12-06;2021-12-16
Запук коллцентра;70;493;2021-01-03;2021-01-16
Запук коллцентра;70;493;2021-02-02;2021-02-17
Аудит информационной безопасности;70;493;2021-03-04;2021-03-15
Дизайн сайта;70;493;2021-04-10;2021-04-26
Обслуживание 1С;70;493;2021-05-06;2021-05-23
Модернизация wifi-сети;70;493;2021-06-07;2021-06-13
Разработка сайта;70;493;2021-07-08;2021-07-20
Обучение сотрудников;70;493;2021-08-08;2021-08-15
Ребрендинг;70;493;2021-09-08;2021-09-20
Разработка сайта;70;493;2021-10-04;2021-10-18
Обслуживание 1С;70;493;2021-11-05;2021-11-23
Разработка CRM;70;493;2021-12-01;2021-12-12
Опрос покупателей;70;494;2021-01-07;2021-01-22
Дизайн сайта;70;494;2021-02-01;2021-02-10
Дизайн сайта;70;494;2021-03-10;2021-03-25
Дизайн сайта;70;494;2021-04-07;2021-04-16
Обучение сотрудников;70;494;2021-05-07;2021-05-18
Опрос покупателей;70;494;2021-06-07;2021-06-25
Ребрендинг;70;494;2021-07-09;2021-07-16
Аудит информационной безопасности;70;494;2021-08-10;2021-08-20
Запук коллцентра;70;494;2021-09-06;2021-09-20
Проведение исследований;70;494;2021-10-08;2021-10-25
Разработка CRM;70;494;2021-11-10;2021-11-27
Модернизация wifi-сети;70;494;2021-12-06;2021-12-13
Обслуживание 1С;70;495;2021-01-06;2021-01-22
Дизайн сайта;70;495;2021-02-04;2021-02-22
Дизайн сайта;70;495;2021-03-10;2021-03-26
Дизайн буклетов;70;495;2021-04-10;2021-04-19
Запук коллцентра;70;495;2021-05-10;2021-05-29
Разработка CRM;70;495;2021-06-02;2021-06-15
Запук коллцентра;70;495;2021-07-04;2021-07-12
Разработка CRM;70;495;2021-08-05;2021-08-23
Обслуживание 1С;70;495;2021-09-02;2021-09-07
Проведение исследований;70;495;2021-10-01;2021-10-18
Проведение исследований;70;495;2021-11-08;2021-11-28
Ребрендинг;70;495;2021-12-08;2021-12-13
Разработка моб. приложения;70;496;2021-01-08;2021-01-13
Разработка сайта;70;496;2021-02-04;2021-02-13
Дизайн сайта;70;496;2021-03-03;2021-03-09
Проведение исследований;70;496;2021-04-08;2021-04-24
Аудит информационной безопасности;70;496;2021-05-10;2021-05-18
Ребрендинг;70;496;2021-06-06;2021-06-14
Дизайн сайта;70;496;2021-07-03;2021-07-19
Аудит информационной безопасности;70;496;2021-08-05;2021-08-19
Дизайн сайта;70;496;2021-09-08;2021-09-15
Проведение исследований;70;496;2021-10-03;2021-10-20
Дизайн сайта;70;496;2021-11-08;2021-11-27
Обучение сотрудников;70;496;2021-12-05;2021-12-15
Дизайн сайта;70;497;2021-01-10;2021-01-29
Разработка моб. приложения;70;497;2021-02-07;2021-02-25
Разработка сайта;70;497;2021-03-03;2021-03-14
Опрос покупателей;70;497;2021-04-10;2021-04-18
Проведение исследований;70;497;2021-05-09;2021-05-16
Разработка моб. приложения;70;497;2021-06-01;2021-06-14
Запук коллцентра;70;497;2021-07-06;2021-07-17
Дизайн буклетов;70;497;2021-08-02;2021-08-10
Запук коллцентра;70;497;2021-09-09;2021-09-16
Дизайн буклетов;70;497;2021-10-08;2021-10-16
Опрос покупателей;70;497;2021-11-03;2021-11-20
Ребрендинг;70;497;2021-12-06;2021-12-22
Опрос покупателей;70;498;2021-01-10;2021-01-30
Запук коллцентра;70;498;2021-02-10;2021-02-21
Обслуживание 1С;70;498;2021-03-05;2021-03-14
Обслуживание 1С;70;498;2021-04-09;2021-04-17
Аудит информационной безопасности;70;498;2021-05-08;2021-05-23
Проведение исследований;70;498;2021-06-09;2021-06-27
Разработка моб. приложения;70;498;2021-07-10;2021-07-29
Модернизация wifi-сети;70;498;2021-08-05;2021-08-14
Обучение сотрудников;70;498;2021-09-08;2021-09-23
Запук коллцентра;70;498;2021-10-04;2021-10-15
Разработка моб. приложения;70;498;2021-11-06;2021-11-25
Разработка моб. приложения;70;498;2021-12-07;2021-12-14
Обучение сотрудников;70;499;2021-01-02;2021-01-08
Разработка сайта;70;499;2021-02-08;2021-02-19
Ребрендинг;70;499;2021-03-08;2021-03-13
Обслуживание 1С;70;499;2021-04-08;2021-04-19
Обучение сотрудников;70;499;2021-05-06;2021-05-13
Аудит информационной безопасности;70;499;2021-06-08;2021-06-19
Обслуживание 1С;70;499;2021-07-03;2021-07-08
Запук коллцентра;70;499;2021-08-06;2021-08-22
Опрос покупателей;70;499;2021-09-04;2021-09-11
Опрос покупателей;70;499;2021-10-10;2021-10-20
Аудит информационной безопасности;70;499;2021-11-06;2021-11-25
Обслуживание 1С;70;499;2021-12-01;2021-12-06
Дизайн буклетов;70;500;2021-01-05;2021-01-17
Дизайн буклетов;70;500;2021-02-05;2021-02-18
Обслуживание 1С;70;500;2021-03-09;2021-03-29
Дизайн сайта;70;500;2021-04-04;2021-04-10
Разработка сайта;70;500;2021-05-02;2021-05-13
Опрос покупателей;70;500;2021-06-04;2021-06-10
Проведение исследований;70;500;2021-07-09;2021-07-14
Обслуживание 1С;70;500;2021-08-08;2021-08-19
Разработка CRM;70;500;2021-09-01;2021-09-10
Аудит информационной безопасности;70;500;2021-10-09;2021-10-24
Дизайн сайта;70;500;2021-11-09;2021-11-20
Дизайн сайта;70;500;2021-12-03;2021-12-09
